{
    "observation.state": {
        "mean": [
            0.024073680862784386,
            0.05278654396533966,
            0.008337067440152168,
            -2.0737104415893555,
            0.005255588795989752,
            -0.060208920389413834,
            0.027672337368130684,
            0.00036930033820681274,
            0.0002634618431329727,
            0.00011519899999257177,
            0.00016780724399723113,
            -0.002851120661944151,
            1.7207961082458496,
            0.0,
            0.0,
            0.0,
            0.0,
            0.0,
            0.0,
            0.0,
            0.0,
            0.0,
            -0.33521875739097595,
            -0.28372809290885925,
            0.15492740273475647,
            -1.4590399265289307,
            0.6038258075714111,
            0.39276280999183655,
            0.6387290358543396,
            0.47703617811203003,
            0.4205632209777832,
            0.36146190762519836,
            0.38529467582702637,
            0.13212567567825317,
            1.6727102994918823,
            0.0,
            0.0,
            0.0,
            0.0,
            0.0,
            0.0,
            0.0,
            0.0,
            0.0
        ],
        "std": [
            0.004963173530995846,
            0.0223115012049675,
            0.016123220324516296,
            0.004333216696977615,
            0.010485930368304253,
            0.02426205761730671,
            0.020790329203009605,
            0.00016415574646089226,
            0.00019572838209569454,
            0.00022856859141029418,
            0.00019300324493087828,
            0.000340089580276981,
            0.14482876658439636,
            0.0,
            0.0,
            0.0,
            0.0,
            0.0,
            0.0,
            0.0,
            0.0,
            0.0,
            0.3952951729297638,
            0.25863444805145264,
            0.19730082154273987,
            0.5862526297569275,
            0.39639753103256226,
            0.3155990540981293,
            0.45589420199394226,
            0.6322236061096191,
            0.5774209499359131,
            0.47875770926475525,
            0.50752854347229,
            0.11130014061927795,
            0.17440029978752136,
            0.0,
            0.0,
            0.0,
            0.0,
            0.0,
            0.0,
            0.0,
            0.0,
            0.0
        ],
        "min": [
            -0.011470829136669636,
            0.024762336164712906,
            -0.026556096971035004,
            -2.1010613441467285,
            -0.01772996224462986,
            -0.10745838284492493,
            -0.018831634894013405,
            6.368422327795997e-05,
            -9.9488694104366e-05,
            -0.00029993493808433414,
            -0.0001862600038293749,
            -0.0032463406678289175,
            0.002027842914685607,
            0.0,
            0.0,
            0.0,
            0.0,
            0.0,
            0.0,
            0.0,
            0.0,
            0.0,
            -1.8967396020889282,
            -1.0383824110031128,
            -0.37157541513442993,
            -2.503601312637329,
            -0.3952217996120453,
            -0.2964313328266144,
            -0.7852774262428284,
            -0.26744920015335083,
            -0.38337936997413635,
            -0.14229026436805725,
            -0.07485655695199966,
            -0.06847395747900009,
            0.01359221339225769,
            0.0,
            0.0,
            0.0,
            0.0,
            0.0,
            0.0,
            0.0,
            0.0,
            0.0
        ],
        "max": [
            0.03430150821805,
            0.12207967042922974,
            0.04231996089220047,
            -2.0674543380737305,
            0.0362711139023304,
            0.022216133773326874,
            0.04543035477399826,
            0.0006921110325492918,
            0.000763183634262532,
            0.0008477637893520296,
            0.0006939115701243281,
            0.0037847936619073153,
            1.7426273822784424,
            0.0,
            0.0,
            0.0,
            0.0,
            0.0,
            0.0,
            0.0,
            0.0,
            0.0,
            0.512335479259491,
            5.2561413212970365e-06,
            0.824306070804596,
            0.0002504349686205387,
            1.4361546039581299,
            1.2453129291534424,
            1.234397053718567,
            1.496082067489624,
            1.563523292541504,
            1.581580638885498,
            1.4593732357025146,
            0.7286486029624939,
            1.847397804260254,
            0.0,
            0.0,
            0.0,
            0.0,
            0.0,
            0.0,
            0.0,
            0.0,
            0.0
        ],
        "q01": [
            0.005135646276175975,
            0.024818393867462873,
            -0.025654945988208055,
            -2.0987971425056458,
            -0.009493496734648943,
            -0.10722454041242599,
            -0.013124331552535295,
            6.369604670908302e-05,
            -9.947519174602348e-05,
            -0.0002999187869136222,
            -0.0001862465127487667,
            -0.003130580298602581,
            0.9732183277606964,
            0.0,
            0.0,
            0.0,
            0.0,
            0.0,
            0.0,
            0.0,
            0.0,
            0.0,
            -1.7906568050384521,
            -0.995996531844139,
            -0.3003100335597992,
            -2.4953843116760255,
            -0.33069525212049483,
            -0.18793141171336175,
            -0.6559093207120895,
            -0.17209125831723213,
            -0.2489942863583565,
            -0.025486903265118602,
            0.0012177389056887476,
            -0.03553793989121914,
            1.0250790774822236,
            0.0,
            0.0,
            0.0,
            0.0,
            0.0,
            0.0,
            0.0,
            0.0,
            0.0
        ],
        "q99": [
            0.034285987913608554,
            0.10236052386462695,
            0.03318197131156921,
            -2.0678550124168398,
            0.03548044934868814,
            0.0012744752806611432,
            0.04542382601648569,
            0.0005967515520751479,
            0.000568800832843409,
            0.0005331498687155549,
            0.000485652446513997,
            -0.0027482542442157838,
            1.7421821415424348,
            0.0,
            0.0,
            0.0,
            0.0,
            0.0,
            0.0,
            0.0,
            0.0,
            0.0,
            0.3702386841177954,
            -8.26762329779597e-06,
            0.6804755419492752,
            -0.03044523755088397,
            1.3087890028953566,
            1.216607600450516,
            1.2253605246543884,
            1.4745453178882602,
            1.4878826022148142,
            1.3669828891754154,
            1.4564199566841125,
            0.6415338873863259,
            1.759756165742875,
            0.0,
            0.0,
            0.0,
            0.0,
            0.0,
            0.0,
            0.0,
            0.0,
            0.0
        ]
    },